id,name,lastname,price,flycode,typePassenger,statusFlight
1,Tildi,Rough,19753,CQ1449Y,EconomyClass,Demorado
2,Nicko,Elcom,11412,ZN1379Q,EconomyClass,En Horario
3,Kiersten,Lewton,40153,NJ6426Y,FirstClass,Demorado
4,Ameline,Hearn,12680,QC7402B,FirstClass,En Vuelo
5,Phebe,Infantino,48627,HR2942R,EconomyClass,En Vuelo
6,Gavra,Rowthorne,37955,TI1037C,FirstClass,En Horario
7,Rickie,Flaubert,25297,UR9275T,FirstClass,Demorado
8,Shoshanna,Cartan,23151,JC6545A,FirstClass,Aterrizado
9,Delcine,Piddle,49937,DX5491D,FirstClass,Aterrizado
10,Butch,Filon,43399,BI1918I,FirstClass,En Vuelo
11,Shay,Clurow,34945,VT5849A,FirstClass,En Vuelo
12,Melinde,Whyke,44803,WX8708Y,FirstClass,En Vuelo
13,Vergil,Barens,17383,NV2169O,ExecutiveClass,En Vuelo
14,Ardelia,Nott,26134,CY3831N,ExecutiveClass,Aterrizado
15,Rahel,Minihan,36837,KZ1554B,EconomyClass,En Vuelo
16,Brier,Bofield,46256,AJ8215N,ExecutiveClass,En Vuelo
17,Paulie,Beswetherick,24490,LV5665Q,ExecutiveClass,En Vuelo
18,Jobye,Hyrons,11847,MP4784J,FirstClass,Aterrizado
19,Estevan,Spykins,12792,JS5068C,FirstClass,En Vuelo
20,Denney,Brodnecke,38909,ID0012A,EconomyClass,En Vuelo
21,Garreth,Dodswell,21675,HM4114B,ExecutiveClass,En Vuelo
22,Clark,Elmhurst,23635,XQ0306T,ExecutiveClass,Aterrizado
23,Jonie,Rathjen,37387,QP2583K,ExecutiveClass,Aterrizado
24,Nikolia,Newbold,27467,EO6231B,FirstClass,Aterrizado
25,Dela,Oxborrow,17052,US3731G,ExecutiveClass,En Horario
26,Reinaldos,Beckworth,49330,AR0259R,ExecutiveClass,Demorado
27,Pavia,Quiddinton,47825,YS8575A,ExecutiveClass,Demorado
28,Jone,Rushmer,18856,AB6787E,ExecutiveClass,En Horario
29,Lacee,Cunde,37366,RB7439L,EconomyClass,En Vuelo
30,Raynell,Ramsted,42889,QG5045C,ExecutiveClass,Demorado
31,Bryan,Goldberg,35019,QI4536G,FirstClass,Demorado
32,Demetri,Risborough,27205,YG3759P,FirstClass,En Horario
33,Reiko,Cyster,43803,IY9418U,EconomyClass,En Vuelo
34,Brandais,Blance,45625,QW1847Z,FirstClass,En Vuelo
35,Myrilla,Learoyde,44597,VV8475C,ExecutiveClass,En Horario
36,Ashleigh,Gambell,46690,AY8173C,FirstClass,Demorado
37,Kelcie,McWhirter,33411,UB5289D,EconomyClass,En Vuelo
38,Vivia,Kittman,19996,WX9583E,FirstClass,Demorado
39,Brnaby,Colmore,48090,GK9379M,FirstClass,En Horario
40,Lani,Brennen,11464,OW4347P,FirstClass,En Horario
41,Byrann,Doring,39893,JN9391G,FirstClass,Demorado
42,Johnny,Crebo,15095,IS7319A,EconomyClass,Demorado
43,Lemmie,Sellstrom,24300,SN4908L,FirstClass,Aterrizado
44,Niall,Hartup,25082,HM9825F,ExecutiveClass,Aterrizado
45,Krysta,Bedome,39841,LB9541S,FirstClass,En Horario
46,Cheri,Eadmeades,47762,WH9552K,EconomyClass,En Horario
47,Sauveur,Rapa,25459,CU7086B,ExecutiveClass,En Horario
48,Silvan,Abbe,38409,SZ5258R,FirstClass,En Horario
49,Rikki,Sutton,19682,MM8655B,EconomyClass,En Vuelo
50,Sandy,Volante,10584,RS8358M,EconomyClass,Aterrizado
51,Cheri,Llewellin,21024,VB2907D,EconomyClass,Demorado
52,Mellisa,Molineaux,49542,RD3775Q,ExecutiveClass,Demorado
53,Ignacius,Eland,24969,XY1441V,FirstClass,En Vuelo
54,Millard,Tosspell,36907,PS7644R,FirstClass,En Vuelo
55,Violette,Dust,42272,UL0764E,ExecutiveClass,En Horario
56,Corny,Benthall,24284,JO6180V,EconomyClass,En Horario
57,Lorry,Logesdale,41016,FC3700V,FirstClass,Demorado
58,Stanly,Duchateau,13437,BN7431B,FirstClass,Aterrizado
59,Jelene,Titchen,17937,ZF7936Y,FirstClass,Demorado
60,Kain,Swale,23866,BW3719E,FirstClass,Demorado
61,Ferrell,Dalgliesh,46203,QJ4229O,ExecutiveClass,Aterrizado
62,Riannon,Louedey,18385,YW6266Y,FirstClass,Demorado
63,Tuesday,Nekrews,29445,TW8892F,ExecutiveClass,Demorado
64,Roxine,Winchcombe,38656,ZK2365V,ExecutiveClass,En Horario
65,Rosalyn,Miall,35824,RO1423L,FirstClass,Demorado
66,Ardisj,Shimon,42590,OP8563O,EconomyClass,Aterrizado
67,Cherlyn,Yarwood,42477,HY0710Z,EconomyClass,En Vuelo
68,Rica,Rohfsen,17388,WT5828C,FirstClass,En Vuelo
69,Chantal,Mayston,45176,IT8930V,ExecutiveClass,En Horario
70,Dennison,Itzkowicz,43146,QB7618C,EconomyClass,Aterrizado
71,Minnie,Bazoge,36298,RB5259E,FirstClass,En Vuelo
72,Charlene,Lauritsen,41996,KU4110S,FirstClass,Demorado
73,Norma,Grelak,44369,TX4103I,EconomyClass,Demorado
74,Shae,Grigore,45654,LJ4725A,EconomyClass,En Horario
75,Mauricio,Versey,48785,FK0358A,EconomyClass,Demorado
76,Lennard,Yeiles,15147,DS6150F,FirstClass,Demorado
77,Brianna,Nazer,12023,UB9016G,FirstClass,Aterrizado
78,Suzanna,Gibbe,40670,XZ6996K,FirstClass,Demorado
79,Jermayne,Pratty,20314,RT0526K,FirstClass,En Horario
80,Electra,Waddy,35674,NI6335Z,ExecutiveClass,Aterrizado
81,Morgen,Spaduzza,23063,XI9774C,ExecutiveClass,Demorado
82,Margareta,Vasilkov,28505,MG2231A,EconomyClass,En Vuelo
83,Delaney,Castillon,24457,IM6352U,EconomyClass,Aterrizado
84,Jane,Karpol,35420,YF1980M,EconomyClass,Demorado
85,Garnet,Langelay,20435,PF3487E,FirstClass,En Horario
86,Kendricks,Steanson,18685,IS6100N,EconomyClass,Aterrizado
87,Parke,MacDunleavy,16773,HE3215G,FirstClass,Demorado
88,Emmet,Marjanski,34586,DI2655V,ExecutiveClass,Aterrizado
89,Kevyn,Poser,45962,CK8262Y,FirstClass,En Horario
90,Ambrose,Le Grys,24610,AB0666M,EconomyClass,En Vuelo
91,Desiree,Pigot,47886,YU5461E,FirstClass,Aterrizado
92,Prinz,Driver,20038,CG1556S,FirstClass,Demorado
93,Leicester,Link,24036,RS8206V,EconomyClass,Aterrizado
94,Brooks,Worsfield,31889,EN9905G,EconomyClass,En Horario
95,Dar,Thaw,46873,WQ8108K,FirstClass,Aterrizado
96,Alric,Grinnov,28559,HT4434Z,EconomyClass,En Horario
97,Gabbey,Casino,11501,RD7854E,EconomyClass,Aterrizado
98,Jeana,Bertenshaw,11712,DF7659E,FirstClass,Aterrizado
99,Jordan,Betjeman,28191,AJ3349U,EconomyClass,Aterrizado
100,Karl,O' Clovan,48917,UF6920Q,ExecutiveClass,En Horario
101,Jayme,Crasswell,15080,AI3135U,FirstClass,Demorado
102,Roslyn,Currall,37131,IR2753E,ExecutiveClass,Aterrizado
103,Honey,McGlone,26732,AV7680L,EconomyClass,Demorado
104,Harli,Zamorrano,25749,OD1935V,EconomyClass,Demorado
105,Randal,Edelheit,48978,CP9001Q,ExecutiveClass,En Horario
106,Even,Scrimshire,14591,QR6727T,EconomyClass,En Vuelo
107,North,Uwins,10175,FO7229F,FirstClass,Demorado
108,Carrol,Cantle,45465,AG6931X,FirstClass,Demorado
109,Stearne,Dallimore,44723,BB6185R,FirstClass,En Vuelo
110,Chelsy,Fadian,33472,GY8488A,FirstClass,Aterrizado
111,Grissel,Bourgourd,22611,FL1148W,ExecutiveClass,Aterrizado
112,Dale,Francombe,38387,XK6666D,FirstClass,Aterrizado
113,Hubert,Burger,13387,KH4963J,EconomyClass,Demorado
114,Conney,Dumper,45927,XS2280R,ExecutiveClass,En Horario
115,Wayland,Houlden,39456,QF1989K,EconomyClass,En Vuelo
116,Annette,Rennebeck,48393,GI1510T,FirstClass,Aterrizado
117,Dyana,Chiddy,18744,PF3931F,FirstClass,En Vuelo
118,Brett,Pantry,11143,OF0239G,EconomyClass,Aterrizado
119,Emmalynne,Celand,34305,UO5543U,ExecutiveClass,Demorado
120,Percy,Husset,26183,AD5613O,EconomyClass,Demorado
121,Kayne,Schankel,10413,MI7716K,EconomyClass,Demorado
122,Brinn,Stanion,43027,ET1640J,FirstClass,En Vuelo
123,Concordia,Spellesy,13881,FV6077K,FirstClass,Demorado
124,Burgess,Sharer,19826,DQ4001M,FirstClass,Demorado
125,Dougy,Richardon,32867,EH9279Y,FirstClass,En Vuelo
126,Janet,Woltman,30469,IQ4577B,ExecutiveClass,Demorado
127,Nanice,Calderhead,40052,SL5366M,ExecutiveClass,En Vuelo
128,Chaddy,Bickford,14936,GT0547P,FirstClass,Aterrizado
129,Jules,Aronstein,24016,BV0320R,ExecutiveClass,En Vuelo
130,Fraze,Gerrels,48273,RX1277J,FirstClass,En Vuelo
131,Frazier,Reisin,11596,UB2846V,ExecutiveClass,En Vuelo
132,Roderick,Gonzales,45824,TV5994U,ExecutiveClass,En Horario
133,Bethina,MacCaughey,13684,KP2892F,FirstClass,En Horario
134,Rene,Courtenay,39325,NX1210J,ExecutiveClass,En Vuelo
135,Liesa,Julien,46550,ZE4990U,FirstClass,Aterrizado
136,Lemar,Domenget,42857,GU4395I,EconomyClass,Aterrizado
137,Carmine,Jarred,22310,FC5678D,EconomyClass,En Vuelo
138,Carny,Mudie,30511,WH6141L,FirstClass,En Vuelo
139,Brandtr,Aistrop,32308,VX4616O,EconomyClass,Aterrizado
140,Ber,Akerman,39582,TQ0379N,FirstClass,Aterrizado
141,Caresse,Dotterill,36818,FT7558H,ExecutiveClass,Demorado
142,Louie,Grindle,47914,TP2716B,FirstClass,Aterrizado
143,Adelind,Whistan,33797,YY2572W,ExecutiveClass,Aterrizado
144,Ashly,Smullin,46627,EL1301F,FirstClass,Demorado
145,Erik,Prozescky,11650,CO1028W,ExecutiveClass,En Horario
146,Bobette,Gerren,19223,NZ8439Y,FirstClass,En Horario
147,Katrina,Mathews,17041,DP0706L,EconomyClass,En Horario
148,Fleming,Purcer,49096,BQ1932O,EconomyClass,En Horario
149,Peder,Swannell,34575,BI4726B,FirstClass,En Horario
150,Cullan,Brazelton,47151,YO1156Z,ExecutiveClass,Demorado
151,Avigdor,Risby,27217,OL5098U,EconomyClass,En Horario
152,Perceval,Peschet,48601,KO8890O,FirstClass,En Vuelo
153,Fair,Manville,21168,FL0976Q,FirstClass,En Horario
154,Wynn,Blowen,20159,CA4109N,EconomyClass,Demorado
155,Sheela,Pargetter,33298,LQ9018M,FirstClass,Demorado
156,Abbie,Yetton,33199,NY3994N,ExecutiveClass,Aterrizado
157,Merwin,Lawrance,23303,OC9732J,EconomyClass,En Horario
158,Brew,Pellamonuten,21834,MF1185C,EconomyClass,Demorado
159,Rutger,Garton,39739,FR3224K,FirstClass,Aterrizado
160,Jodee,Prickett,25180,XF0497N,ExecutiveClass,En Vuelo
161,Sosanna,Adamovitch,44435,KK5947H,EconomyClass,En Vuelo
162,Tania,Nunnerley,47427,FI5869Q,EconomyClass,En Vuelo
163,Berton,Quadling,30552,TL3370N,FirstClass,En Horario
164,Hayyim,Zimek,43228,RD2911K,EconomyClass,En Vuelo
165,Hana,O'Corren,19564,TD2065O,FirstClass,En Horario
166,Jocelyne,Gaine of England,36293,KB7434Z,FirstClass,En Vuelo
167,Bertine,Uden,16126,FY6757T,EconomyClass,Demorado
168,Cathryn,Zimmerman,21396,KY8262L,ExecutiveClass,Demorado
169,Sylvan,Lombard,46916,RP0825Q,FirstClass,Aterrizado
170,Samuel,Brabyn,44163,WJ4633C,EconomyClass,Aterrizado
171,Jeni,Brahan,18023,NN7431P,FirstClass,Demorado
172,Waiter,Whale,17528,VA5822A,ExecutiveClass,Demorado
173,Ettie,Skouling,18035,QP5237T,FirstClass,En Horario
174,Yvonne,Defau,33486,UI5676J,ExecutiveClass,Demorado
175,Stefania,Glanz,11330,TI7020Z,ExecutiveClass,En Vuelo
176,Teodorico,Shovelin,22288,KK6033H,ExecutiveClass,En Horario
177,Sharleen,Winfindine,33069,WR8292I,ExecutiveClass,Aterrizado
178,Isabelle,Coll,45501,LP5068A,EconomyClass,En Horario
179,Hildagard,Edridge,15540,TN0132X,FirstClass,En Vuelo
180,Perle,Learoyd,47848,EP9085F,FirstClass,Aterrizado
181,Baily,Strangman,29988,NX3662R,FirstClass,En Vuelo
182,Kippy,Aglione,20033,DE7351A,EconomyClass,En Horario
183,Asher,Demange,28389,QY0885E,EconomyClass,En Horario
184,Ann-marie,Featley,18060,AR3569I,FirstClass,Aterrizado
185,Cairistiona,Crucetti,20817,ZG1171A,ExecutiveClass,En Vuelo
186,Eldridge,Hovenden,12546,AT2224A,EconomyClass,En Horario
187,Erasmus,Trime,16570,CO0954B,ExecutiveClass,En Vuelo
188,Gennie,Kitteringham,22955,OG9816U,ExecutiveClass,En Horario
189,Wain,Peascod,23498,DH7196Y,EconomyClass,En Horario
190,Annadiana,Ashburner,16579,XQ8441O,EconomyClass,En Vuelo
191,Vittoria,Stango,24211,NV7778P,FirstClass,Demorado
192,Wilmer,Mansfield,30739,SZ2988L,EconomyClass,Demorado
193,Bernardo,Indruch,42642,QK4583U,EconomyClass,Aterrizado
194,Roxane,Friel,35319,AM2062D,EconomyClass,Aterrizado
195,Jessica,Bray,38905,KZ0256T,EconomyClass,En Horario
196,Viva,Myton,49751,BR3446F,EconomyClass,En Horario
197,Peta,Monketon,33263,CE3395M,EconomyClass,Demorado
198,Pammi,MacCroary,23446,UJ6495Z,FirstClass,Demorado
199,Laverna,Barnham,46708,RW8388D,FirstClass,En Horario
200,Smith,Arminger,13363,ZR6040U,EconomyClass,Demorado
201,Jessie,Dilon,45773,DP3969F,ExecutiveClass,En Vuelo
202,Donni,Pudner,31638,XW9264A,ExecutiveClass,Aterrizado
203,Leah,Prop,47855,JZ7173B,ExecutiveClass,Demorado
204,Christoffer,Canning,16128,XF3523Q,FirstClass,En Horario
205,Miran,Mattedi,42223,FY7914F,FirstClass,Demorado
206,Xavier,Margaritelli,38602,UQ1455B,EconomyClass,En Horario
207,Laverne,Jerram,36502,LG7485E,EconomyClass,En Horario
208,Hillel,Egan,40442,EV4267I,FirstClass,En Vuelo
209,Victor,Tomlett,10603,CY0939U,ExecutiveClass,En Vuelo
210,Willem,Dorr,30441,LE9843A,FirstClass,Demorado
211,Jonell,Bentame,13425,PK3384B,ExecutiveClass,Demorado
212,Erastus,Rosa,41269,PH0483M,EconomyClass,Aterrizado
213,Cathy,Beran,11429,RA0337A,FirstClass,Aterrizado
214,Gerianne,O'Noland,32288,CF4301Q,FirstClass,En Horario
215,Tanney,Darrach,40348,OM9133U,EconomyClass,En Horario
216,Waneta,Houlson,29368,TE7391L,FirstClass,Aterrizado
217,Doug,Chicchetto,12622,DV4778T,EconomyClass,Demorado
218,Weber,Dignon,32200,JE7195F,ExecutiveClass,En Vuelo
219,Jimmie,Burhill,15492,KJ9404J,ExecutiveClass,Aterrizado
220,Querida,Dahmke,34723,NW9050H,FirstClass,Aterrizado
221,Blisse,Dumper,42048,UU1904S,FirstClass,Aterrizado
222,Lonnie,Draper,35920,WB0748G,EconomyClass,Demorado
223,Dniren,Tue,38011,YN4040N,FirstClass,En Horario
224,Ilaire,Turtle,12877,RB8856X,FirstClass,En Horario
225,Adrian,Le Fevre,26915,RZ5984X,FirstClass,Demorado
226,Patten,Boles,30412,XG0396T,FirstClass,En Vuelo
227,Jervis,Furmagier,21564,QI8283T,FirstClass,Aterrizado
228,Reinhold,Kingzeth,20501,QU4222D,EconomyClass,En Vuelo
229,Renell,Silcox,38162,BZ0684O,ExecutiveClass,En Vuelo
230,Orly,Ruske,10767,CI8193I,EconomyClass,En Horario
231,Obidiah,Cahill,31066,IU6911Y,FirstClass,En Vuelo
232,Rosette,Kobsch,14201,HZ3945M,EconomyClass,Aterrizado
233,Martainn,Brightling,25446,HV0388M,ExecutiveClass,Demorado
234,Jodi,Downham,37852,QL1612H,EconomyClass,Aterrizado
235,Joby,Mordue,11866,WY8288Y,EconomyClass,Aterrizado
236,Cointon,Horsfield,22648,LA8225I,ExecutiveClass,En Vuelo
237,Chev,Tregidgo,18970,LR9153H,EconomyClass,En Vuelo
238,Aubert,Ohlsen,45301,YC3936Q,ExecutiveClass,Aterrizado
239,Bondon,Clemendot,20278,LV7631J,ExecutiveClass,En Horario
240,Evaleen,Turmel,11556,LC7431G,FirstClass,En Horario
241,Brandise,Resdale,13617,TJ9152P,EconomyClass,En Horario
242,Marv,Whitehair,43787,AW7949U,ExecutiveClass,Aterrizado
243,Rock,Seeds,22510,RO3875P,ExecutiveClass,Aterrizado
244,Chase,Thackham,46368,FO8430L,FirstClass,Aterrizado
245,Dionysus,Dawe,10263,AU2474H,EconomyClass,En Vuelo
246,Gene,Tyhurst,15198,BM0011Q,FirstClass,Demorado
247,Mallorie,Godfrey,10284,ZA6280R,FirstClass,En Vuelo
248,Korrie,Diem,33709,JY1438R,EconomyClass,En Horario
249,Sayre,Blaycock,20732,IW8191U,FirstClass,En Horario
250,Fonsie,Danielot,10830,CX9367B,ExecutiveClass,Aterrizado
251,Tally,Finnis,44837,OT9873X,FirstClass,En Vuelo
252,Guglielma,Aisman,35058,AG4233Y,ExecutiveClass,En Horario
253,Phaedra,Angove,41865,RP1197E,ExecutiveClass,Demorado
254,Cariotta,Warnes,23380,GI9018O,EconomyClass,En Horario
255,Asia,Brotherheed,47908,FD3564D,ExecutiveClass,Aterrizado
256,Nicholle,Macon,46984,QV6075R,EconomyClass,En Vuelo
257,Granny,Tutchener,21536,ZJ9062N,FirstClass,En Vuelo
258,Giffard,Russam,35561,UM5829S,ExecutiveClass,En Vuelo
259,Starr,Boydell,26388,KL2898A,ExecutiveClass,Aterrizado
260,Roxine,Hoggan,13050,SW6192J,EconomyClass,Demorado
261,Sunny,Sterke,38659,KL8622S,ExecutiveClass,Aterrizado
262,Talbert,Yellowley,10713,PE5403Y,FirstClass,Demorado
263,L;urette,McCard,18293,AK9123N,FirstClass,Aterrizado
264,Batsheva,Denerley,26612,LC1355P,EconomyClass,Aterrizado
265,Isacco,Locksley,13570,EU8500Z,FirstClass,Demorado
266,Rog,Mattielli,10109,SW8693Z,EconomyClass,Aterrizado
267,Witty,Victoria,32897,TB2820Y,ExecutiveClass,Demorado
268,Darrel,Gonet,32652,NM4552W,FirstClass,Aterrizado
269,Hoebart,Breddy,41709,WQ5210U,ExecutiveClass,En Horario
270,Madlen,Sandlin,11757,LK0765G,ExecutiveClass,En Horario
271,Stanislas,Aspinal,19634,LM9148K,FirstClass,Aterrizado
272,Lamont,Cory,12342,RI2572G,EconomyClass,Demorado
273,Orazio,Warke,23774,JG1951D,EconomyClass,En Horario
274,Glyn,Brasner,32874,VL2700C,FirstClass,Aterrizado
275,Samuele,Herkess,10449,JW2747O,ExecutiveClass,Aterrizado
276,Ivonne,Bates,22617,GY8573S,EconomyClass,Demorado
277,Valida,Carder,27244,LV2576O,FirstClass,En Horario
278,Tedd,Dorward,17336,EL2249L,FirstClass,Aterrizado
279,Hugues,Carswell,37837,UT4292I,FirstClass,En Horario
280,Hiram,Bosdet,21572,ZK8912I,FirstClass,En Vuelo
281,Schuyler,O' Hanvey,27532,XP5233S,ExecutiveClass,En Horario
282,Shawn,Pilipyak,47521,YT0589N,EconomyClass,Demorado
283,Dory,Boss,14734,KY2528Y,EconomyClass,Demorado
284,Erastus,Schroter,13829,VU4303W,ExecutiveClass,Demorado
285,Kathe,Priden,26248,HR2540A,ExecutiveClass,En Horario
286,Barnard,Perell,38163,OX0190H,FirstClass,En Vuelo
287,Fedora,Millgate,23986,UE8313D,ExecutiveClass,En Horario
288,Waylen,Kolyagin,26007,PO0235W,EconomyClass,Aterrizado
289,Erroll,Troctor,37417,PO8937T,ExecutiveClass,Demorado
290,Lorenzo,Jeaves,44041,DQ2817W,FirstClass,Demorado
291,Henry,Bannister,32357,OU9053D,FirstClass,En Horario
292,Alvera,Buzzing,37109,UE3015B,EconomyClass,Aterrizado
293,Simone,Bury,25821,JG8798P,ExecutiveClass,En Horario
294,Ingelbert,Lumber,23607,TF4577S,ExecutiveClass,En Horario
295,Nye,Tooley,22992,SZ4186E,FirstClass,Aterrizado
296,Dwight,Issacof,26193,QZ5771O,FirstClass,Demorado
297,Suzi,Openshaw,28524,JL1773A,ExecutiveClass,En Horario
298,Lida,Edgson,38302,JN4348J,ExecutiveClass,Demorado
299,Merrile,Nares,14180,QC8082X,FirstClass,En Horario
300,Kincaid,Tace,14535,UQ2725D,ExecutiveClass,Demorado
301,Tamar,Pioch,24247,WD5781S,FirstClass,En Horario
302,Christiano,Wahlberg,19885,AP8220X,ExecutiveClass,Demorado
303,Chan,Bamblett,44517,DC1015F,EconomyClass,En Vuelo
304,Kaiser,Parkyn,13970,UE1139H,EconomyClass,En Vuelo
305,Fernanda,Camus,16311,BY7230J,EconomyClass,En Horario
306,Eberhard,Mulrenan,38479,GC3868G,EconomyClass,En Vuelo
307,Franklin,Mervyn,22031,QI9069S,FirstClass,Demorado
308,Jourdan,Shenton,45257,WU9718Z,EconomyClass,Aterrizado
309,Channa,Bilbie,29327,WW6281N,EconomyClass,En Horario
310,Lorine,Mingo,48316,IT7694P,EconomyClass,En Vuelo
311,Jocko,Plane,25768,KM8305R,EconomyClass,Aterrizado
312,Ulysses,Caveill,22597,AM2841M,FirstClass,En Horario
313,Feodora,Brown,38242,MH5060R,EconomyClass,Aterrizado
314,Faith,Ardley,16335,US9570G,EconomyClass,Aterrizado
315,Costanza,Disbrey,49357,RA7003P,ExecutiveClass,Demorado
316,Goober,Bertelsen,18577,XD2119N,EconomyClass,Aterrizado
317,Udall,Aggett,11878,KW9332T,EconomyClass,En Vuelo
318,Eustace,Hatherell,11995,FD7580A,FirstClass,En Vuelo
319,Tabina,Darke,43813,MQ1178D,FirstClass,Demorado
320,Rikki,Benneyworth,29434,GA7836M,ExecutiveClass,Demorado
321,Dominica,Faragher,31907,AS7078P,ExecutiveClass,Aterrizado
322,Fernanda,Brewerton,27135,VM1942X,FirstClass,Aterrizado
323,Eudora,Ferran,41631,DR8792F,ExecutiveClass,Aterrizado
324,Lazarus,Windas,27867,FO5508A,EconomyClass,Demorado
325,Ebba,Blasio,41004,WT0264V,EconomyClass,Demorado
326,Georgiana,Lightowlers,47484,CZ2131O,ExecutiveClass,Aterrizado
327,Jennette,Boothroyd,20073,PC4459S,EconomyClass,En Horario
328,Lavinie,Shearstone,33013,HM5993Z,FirstClass,En Horario
329,Ginni,Carrivick,28961,ZJ7444U,ExecutiveClass,Demorado
330,Meredith,Stollmeier,49761,MD9445D,ExecutiveClass,Aterrizado
331,Marguerite,Glide,34005,GL1676E,FirstClass,En Horario
332,Gilbertina,McMychem,33800,FC5323X,ExecutiveClass,Demorado
333,Elvira,Meredyth,24638,SB7500P,FirstClass,Aterrizado
334,Jamison,Clew,21451,DH2068U,EconomyClass,Demorado
335,Tammie,Colwell,46678,KZ8833L,ExecutiveClass,Aterrizado
336,Arda,Diem,29804,MM9206B,EconomyClass,En Horario
337,Sharl,Tod,13812,HK8112L,EconomyClass,Demorado
338,Carri,Verlinde,38388,LK7418G,FirstClass,Aterrizado
339,Louella,Baptista,46723,OX4899C,ExecutiveClass,Demorado
340,Ruprecht,Davidovits,42977,LD7822L,EconomyClass,En Horario
341,Filia,Valencia,31584,KW4596V,FirstClass,Aterrizado
342,Loleta,Wasselin,32429,VV7132C,FirstClass,En Vuelo
343,Jessee,Josephson,40490,HK0160P,FirstClass,En Vuelo
344,Marsh,Zellner,33105,FU6407G,ExecutiveClass,Aterrizado
345,Juliane,Sultana,35389,MU4626B,ExecutiveClass,En Vuelo
346,Gwendolyn,Mapledorum,34716,KF3137K,EconomyClass,En Horario
347,Ninette,Vasentsov,37422,LK8946Z,ExecutiveClass,Aterrizado
348,Cord,Mattiussi,45203,NQ8442J,FirstClass,Demorado
349,Sterling,Passingham,10516,MX6157Y,ExecutiveClass,En Vuelo
350,Colene,Harmond,16186,VZ8876C,FirstClass,En Horario
351,Luci,Geibel,13259,MD4543Y,FirstClass,En Vuelo
352,Caryn,Pelman,21474,TW4168F,ExecutiveClass,En Vuelo
353,Ruthanne,Bernakiewicz,19937,WE7644I,FirstClass,Aterrizado
354,Petunia,Allett,38239,CX6040Y,ExecutiveClass,En Horario
355,Dolorita,Klaesson,39546,KS0217W,FirstClass,Aterrizado
356,Dynah,Doerr,44323,OB0907S,EconomyClass,Aterrizado
357,Caddric,Foux,21985,UQ9448W,FirstClass,Aterrizado
358,Issy,Goosnell,20006,LC4112D,EconomyClass,Aterrizado
359,Kellie,Haibel,45799,DV6593R,ExecutiveClass,En Horario
360,Shurwood,Screwton,49861,MF7517M,ExecutiveClass,Aterrizado
361,Lucille,Nuscha,10865,KO7847H,ExecutiveClass,Demorado
362,Dareen,Caghy,10047,NY0553Q,EconomyClass,En Horario
363,Elmira,Brayshaw,41985,WM0211C,EconomyClass,En Horario
364,My,Van der Kruijs,49564,EF1401I,ExecutiveClass,En Vuelo
365,Val,Lindstedt,36850,QU4281U,FirstClass,Aterrizado
366,Andonis,Roughan,49489,YT8600C,EconomyClass,En Horario
367,Fanya,Awin,20992,CM2069F,FirstClass,Aterrizado
368,Codi,Gorman,33928,OR8288F,FirstClass,Aterrizado
369,Cybil,Latchmore,14073,EC4923J,FirstClass,Demorado
370,Kristyn,Willbraham,27031,RA5664D,FirstClass,En Vuelo
371,Pammy,Edmonds,28623,KW7972S,ExecutiveClass,En Horario
372,Tad,Goulding,37357,GL5847C,FirstClass,En Horario
373,Sheree,Philimore,24258,OG0447M,EconomyClass,En Horario
374,Jarrad,Cregg,26812,HP4750O,EconomyClass,En Horario
375,Gerard,Eick,38166,AI7826Z,EconomyClass,Aterrizado
376,Ivory,Storms,28126,SM4065Q,ExecutiveClass,En Horario
377,Heindrick,Sandyford,11183,PX8771A,ExecutiveClass,En Vuelo
378,Helaine,Morgen,26678,YY6633Y,EconomyClass,En Horario
379,Dorey,Baldacco,22107,XP9715Y,FirstClass,Aterrizado
380,Cirilo,Bayles,19232,TJ2232N,ExecutiveClass,En Horario
381,Jaquith,Merington,21105,BS2559L,ExecutiveClass,En Horario
382,Milton,Gallehock,12238,SE5009Q,EconomyClass,Aterrizado
383,Lonni,Sparrowhawk,37271,QS5085W,FirstClass,En Vuelo
384,Zorana,Holtum,36058,XQ7278P,ExecutiveClass,En Horario
385,Helenka,Vlach,39063,LS1879J,EconomyClass,Aterrizado
386,Corry,Leafe,18209,XV2566D,ExecutiveClass,En Horario
387,Russell,Brimmicombe,42318,DC2425L,FirstClass,En Vuelo
388,Lindy,Glazyer,32477,GM0661H,FirstClass,En Vuelo
389,Shelton,Mityashin,35395,IK3574I,FirstClass,Aterrizado
390,Kira,Martugin,11347,BE6234C,ExecutiveClass,Aterrizado
391,Harriett,Berringer,21928,QH5397M,FirstClass,Demorado
392,Titus,Witcombe,44833,II6835A,FirstClass,Demorado
393,Bellina,Randell,29885,MP5087Y,EconomyClass,Aterrizado
394,Jarrid,Scobbie,15742,FC3992X,EconomyClass,Aterrizado
395,Amara,Bennedick,16468,AL8307S,ExecutiveClass,Demorado
396,Elaina,MacDermid,13459,VJ9815O,FirstClass,Aterrizado
397,Goldy,Serris,46550,NZ6596Y,FirstClass,Aterrizado
398,Elvina,Jorn,29512,UF7060E,EconomyClass,Aterrizado
399,Josie,Kasbye,48439,CJ7682I,ExecutiveClass,En Vuelo
400,Niall,Conti,34357,UD1592Z,FirstClass,Demorado
401,Tanner,Garnul,23526,FL2769F,ExecutiveClass,Demorado
402,Glenden,Skewis,20269,LE8471J,FirstClass,En Vuelo
403,Harmony,Rolfe,34378,LZ7363D,ExecutiveClass,En Horario
404,Gilda,Aberkirdo,14845,TC2848Q,ExecutiveClass,Demorado
405,Jae,Way,47569,WP1432Q,EconomyClass,En Horario
406,Bud,Riccelli,42086,QT7240K,ExecutiveClass,En Vuelo
407,Dew,Tabourier,37231,OH8775W,ExecutiveClass,Demorado
408,Jeane,Renon,35892,JG6160G,EconomyClass,Aterrizado
409,Cam,Fowell,14682,XQ9905Z,EconomyClass,En Vuelo
410,Ransell,Pinnocke,46656,LL7517R,ExecutiveClass,En Vuelo
411,Frederica,Murfett,33845,QE1104D,EconomyClass,En Vuelo
412,Teena,Hoxey,10556,VQ8959Q,EconomyClass,Aterrizado
413,Irvine,Gerasch,36892,HR8159J,EconomyClass,En Horario
414,Shelbi,Piperley,47079,TE5414I,FirstClass,En Horario
415,Estrella,O' Quirk,32484,ZH5959U,ExecutiveClass,En Vuelo
416,Geneva,Guerriero,47174,HA8332Y,FirstClass,Aterrizado
417,Lay,Enos,11509,ZH4475G,ExecutiveClass,Aterrizado
418,Brandy,Josefsen,22366,SN2682S,ExecutiveClass,En Vuelo
419,Sisely,Levings,32127,DM0159Q,ExecutiveClass,En Horario
420,Korrie,Vlasenko,27004,HD1156Z,FirstClass,En Vuelo
421,Modesty,Saywell,15737,VA5629J,EconomyClass,Demorado
422,Dev,Vasser,29858,VD6702M,EconomyClass,Aterrizado
423,Mady,Mynett,31765,UR1568U,EconomyClass,En Horario
424,Arliene,Aleksankin,19169,QR8602Y,FirstClass,En Vuelo
425,Keir,Joye,33654,UJ0265E,EconomyClass,En Vuelo
426,Amberly,Betz,24711,PL6809B,EconomyClass,Aterrizado
427,Gerhardine,Pakes,19481,ZW3546Y,ExecutiveClass,Demorado
428,Elenore,Vere,27681,WF4580V,EconomyClass,En Horario
429,Johnathan,Hayller,28392,SY1319Z,ExecutiveClass,Aterrizado
430,Tanya,Dalbey,24104,IR3552W,ExecutiveClass,Demorado
431,Mendel,Billingham,25286,SH5513I,ExecutiveClass,Aterrizado
432,Giovanna,Lucas,46727,LR0041I,ExecutiveClass,Aterrizado
433,Phebe,Maslen,26479,ST3990U,ExecutiveClass,En Horario
434,Hilarius,Windrum,17980,XH5969R,EconomyClass,Aterrizado
435,Emmey,Kelloway,48618,WC0088L,FirstClass,En Horario
436,Bruno,Mewe,18640,UT8805L,FirstClass,En Horario
437,Blair,Methringham,12555,AY7881O,FirstClass,En Vuelo
438,Ancell,Mabbett,25376,VH4113G,ExecutiveClass,Aterrizado
439,Hagan,Stanway,40158,OW9791W,ExecutiveClass,En Horario
440,Annalee,Macauley,10825,PG0913P,EconomyClass,Demorado
441,Anestassia,Boick,36791,RH5190H,EconomyClass,En Vuelo
442,Berna,Gainsboro,21354,QK1268H,FirstClass,En Horario
443,Datha,Gilfoy,31539,ZJ3828C,ExecutiveClass,En Horario
444,Melicent,Carvell,41969,AM3348F,EconomyClass,En Vuelo
445,Iseabal,Fielders,18132,RJ9833Y,ExecutiveClass,En Vuelo
446,Lucais,Riep,43092,AC7700U,FirstClass,En Horario
447,Tiffy,Dominetti,22378,WB9456X,FirstClass,En Horario
448,Ilaire,Thornber,29550,HZ6401M,ExecutiveClass,En Vuelo
449,Abigail,Reinbach,14264,NF2699C,ExecutiveClass,Aterrizado
450,Fitzgerald,Crummay,46283,BQ1972M,FirstClass,En Horario
451,Tori,Dionsetti,48933,ZO8142S,EconomyClass,Demorado
452,Les,Sharer,21086,XC4104J,FirstClass,Demorado
453,Ewell,Maffi,48540,ZT0053N,FirstClass,Aterrizado
454,Blanche,Gaitskill,18331,XI1079J,ExecutiveClass,Aterrizado
455,Leigha,Drew,21102,IB9680B,EconomyClass,Demorado
456,Melody,Garnar,27927,TN1336Z,FirstClass,Aterrizado
457,Ollie,De Few,43756,TP5504Y,EconomyClass,En Vuelo
458,Lori,Raitie,38206,BY6152M,FirstClass,En Vuelo
459,Katrina,Cullen,34246,SX2456G,EconomyClass,En Vuelo
460,Pam,Offell,35749,XX5996O,EconomyClass,Aterrizado
461,Moyra,McPaike,24942,RS2136F,FirstClass,En Horario
462,Cooper,Pescud,16995,IC2940R,ExecutiveClass,Aterrizado
463,Bernardo,Deedes,35704,IB0759J,FirstClass,En Horario
464,Jenica,Piell,26165,LP9392A,ExecutiveClass,En Horario
465,Belva,Pidgley,17741,XL3952N,EconomyClass,Aterrizado
466,Devonne,Ledgley,40385,DZ5045H,EconomyClass,Demorado
467,Towny,Hyman,26412,BM8213Q,FirstClass,Demorado
468,Shani,Bruhke,47303,ST8547U,EconomyClass,Demorado
469,Kelsi,Markie,32155,NK8637O,FirstClass,Aterrizado
470,Tasia,Shitliffe,43231,YA3491X,FirstClass,En Horario
471,Harlin,McGarrity,45762,FF3117K,EconomyClass,En Horario
472,Quentin,Jandak,10973,TS5613O,EconomyClass,En Vuelo
473,Reeba,Bedell,30340,GN6380P,ExecutiveClass,En Vuelo
474,Urban,Pharrow,11743,MY2450P,FirstClass,En Vuelo
475,Oneida,Daunay,42262,QO2691B,ExecutiveClass,Aterrizado
476,Chandal,Harnes,43041,AB6809H,ExecutiveClass,En Vuelo
477,Osborn,Askin,19155,FS4866R,EconomyClass,Aterrizado
478,Ceil,Gyppes,35054,NT6011M,FirstClass,En Horario
479,Dilly,Castella,22367,QK4374D,FirstClass,En Vuelo
480,Lawrence,De Pero,45954,ZI3314U,FirstClass,Aterrizado
481,Gay,Deare,33876,TC7369C,EconomyClass,Demorado
482,Archaimbaud,Wield,31466,KP1055S,ExecutiveClass,Demorado
483,Gage,Appleyard,44823,NT0728R,EconomyClass,Aterrizado
484,Leicester,Janczak,20815,YX1858H,ExecutiveClass,Aterrizado
485,Ange,Squibbs,34603,DG1045I,ExecutiveClass,Aterrizado
486,Gilli,Harte,28663,YV8001R,FirstClass,Aterrizado
487,Dacie,O'Hallihane,47468,JM9990J,ExecutiveClass,En Vuelo
488,Butch,Dickinson,26821,LK9399U,ExecutiveClass,Demorado
489,Brinna,Doles,40642,TQ2402J,FirstClass,En Vuelo
490,Seymour,Pergens,32953,DQ4557L,ExecutiveClass,Demorado
491,Mayne,Pymm,34915,JY3160T,EconomyClass,Aterrizado
492,Diahann,Cheasman,20226,XV3199D,ExecutiveClass,Demorado
493,Felita,Killimister,47704,DS5051U,FirstClass,Aterrizado
494,Paxton,Slayton,25998,QW3706M,EconomyClass,Aterrizado
495,Shanan,Bradberry,35252,CV8153V,ExecutiveClass,Aterrizado
496,Therese,Valentinuzzi,49140,ZG7152N,ExecutiveClass,En Vuelo
497,Darleen,Keunemann,49194,VW6306X,ExecutiveClass,En Horario
498,Andre,Thorrington,35625,WL6352R,FirstClass,En Vuelo
499,Ardenia,Sitch,10701,FJ2049P,EconomyClass,Demorado
500,Leia,Laxston,30705,OU1089G,EconomyClass,En Vuelo
501,Dionysus,Crimmins,23948,WA3202H,EconomyClass,Demorado
502,Ransell,Leighton,16566,ID7665S,ExecutiveClass,En Horario
503,Franny,Bernetti,21298,AE2438X,EconomyClass,En Vuelo
504,Wandis,Fewkes,38869,WH6504Y,EconomyClass,Demorado
505,Brittany,Smorfit,39285,RP8489V,EconomyClass,En Vuelo
506,Doris,Leake,18927,IP3750A,FirstClass,En Horario
507,Ruthe,Occleshaw,30768,LW1793J,EconomyClass,Demorado
508,Claresta,Catenot,20724,XI6558K,EconomyClass,Aterrizado
509,Virgilio,Center,32172,UZ5730P,ExecutiveClass,En Horario
510,Laina,Ilive,29690,RF9124J,ExecutiveClass,Aterrizado
511,Ebba,Pimblotte,15439,CW1979L,FirstClass,Demorado
512,Ramonda,Nuccitelli,36532,KJ8811K,EconomyClass,Demorado
513,Reeba,Lupton,38222,BZ9013X,ExecutiveClass,Demorado
514,Zacharia,Mardall,34060,RO6731S,FirstClass,Demorado
515,Cathe,Braunle,38542,AQ7838Y,ExecutiveClass,Demorado
516,Iosep,Margach,45704,ZD9845E,ExecutiveClass,Demorado
517,Giavani,Maccrea,46907,IS1101T,EconomyClass,Aterrizado
518,Jeramey,Bradane,25496,AQ2346R,ExecutiveClass,En Horario
519,Pollyanna,Radbourne,46555,NN5882L,FirstClass,Aterrizado
520,Aldo,Broseman,45103,CM4264X,ExecutiveClass,Demorado
521,Paco,Trulocke,32139,WR4855F,EconomyClass,En Vuelo
522,Debor,Ilden,11988,AA0014L,ExecutiveClass,En Vuelo
523,Heinrik,Fiorentino,15563,YZ6775J,EconomyClass,En Horario
524,Casi,Hainsworth,37810,MV6234F,ExecutiveClass,Aterrizado
525,Delly,Everiss,39444,RI2126T,FirstClass,Demorado
526,Rona,Minnette,14065,PX9669F,FirstClass,En Horario
527,Caitlin,Wychard,22027,AW6175T,ExecutiveClass,Aterrizado
528,Berty,Giacomelli,38564,KY4375M,EconomyClass,En Horario
529,Jackelyn,Bone,23715,WO2082M,ExecutiveClass,En Vuelo
530,Hazlett,Hitzmann,17336,GC7620F,ExecutiveClass,En Vuelo
531,Cullan,Ortmann,27621,LY8892Y,ExecutiveClass,En Horario
532,Whitney,O Sullivan,26441,VM1024L,EconomyClass,En Vuelo
533,Randi,Bartol,30196,CR9810U,FirstClass,Aterrizado
534,Skipp,Grimster,45946,KQ7082A,ExecutiveClass,En Vuelo
535,Laverna,Swanwick,42494,DN6063K,FirstClass,En Horario
536,Thekla,Ruecastle,45803,DN8557R,ExecutiveClass,En Vuelo
537,Luise,Prowse,34683,YP8585V,EconomyClass,Aterrizado
538,Carlyle,Kordes,26363,HW7832K,EconomyClass,Aterrizado
539,Susanna,Mazzeo,28548,II6720U,ExecutiveClass,En Horario
540,Brockie,Girdler,33919,HZ1573B,EconomyClass,Aterrizado
541,Nadiya,Gumb,23785,YN2488G,FirstClass,En Horario
542,Eloise,Zanardii,13884,OL7510Z,EconomyClass,Aterrizado
543,Audie,Hovenden,40063,KC0711K,ExecutiveClass,En Vuelo
544,Lebbie,Jakubiak,43096,OX0625U,FirstClass,En Vuelo
545,Sharyl,Macrae,13045,QF4337X,ExecutiveClass,En Vuelo
546,Tiffy,Jedrzejczyk,44829,EE7257P,EconomyClass,Aterrizado
547,Devlen,Goaks,29742,SU2974O,FirstClass,En Vuelo
548,Morgen,Anersen,32479,TS2136H,EconomyClass,Aterrizado
549,Bamby,Southcott,17784,CB6951U,EconomyClass,Demorado
550,Marcile,Daw,40149,KQ0691J,ExecutiveClass,En Vuelo
551,Lance,Betje,32354,SB7378V,EconomyClass,En Horario
552,Jsandye,Grimestone,49748,PM0136X,ExecutiveClass,En Vuelo
553,Dalenna,Easeman,47519,HM4690M,ExecutiveClass,En Vuelo
554,Tallulah,Gemeau,14519,GQ5112U,ExecutiveClass,Demorado
555,Ellette,Bertouloume,46718,TR1722J,ExecutiveClass,Aterrizado
556,Anetta,Tomasicchio,49043,MW6848Z,FirstClass,Demorado
557,Fabio,Chataignier,17450,NI2332K,ExecutiveClass,En Horario
558,Tulley,Vidgen,34582,ZD6349J,ExecutiveClass,En Horario
559,Melita,Kimpton,37160,QQ9561D,FirstClass,En Horario
560,Findlay,McGenn,16799,FP4231F,EconomyClass,Aterrizado
561,Helaina,Schapiro,37614,VP9158Y,FirstClass,Demorado
562,Fairlie,Treend,24056,FS9094X,FirstClass,En Vuelo
563,Tomi,Cordelette,30656,YH1536P,ExecutiveClass,En Vuelo
564,Nickolai,Manhare,13124,QY8911W,FirstClass,Demorado
565,Tally,Gother,28019,YJ4664X,EconomyClass,Demorado
566,Lon,Caffin,28036,ZD1903B,FirstClass,En Vuelo
567,Brion,Orring,35069,NI7669N,ExecutiveClass,Aterrizado
568,Caspar,Boylin,48493,IM9227Q,FirstClass,Aterrizado
569,Mylo,Berthomieu,36214,YA2734T,FirstClass,Aterrizado
570,Quintina,Deetch,10125,EA4267E,ExecutiveClass,En Horario
571,Emlen,Head,26342,EW4850F,FirstClass,En Vuelo
572,Tallie,Harpin,20744,UV6159X,ExecutiveClass,Aterrizado
573,Quintin,Joysey,30519,DC1380I,ExecutiveClass,Demorado
574,Joycelin,Sygroves,22155,DU9535N,ExecutiveClass,En Horario
575,Elliott,Casellas,18884,GD9573W,EconomyClass,Demorado
576,Kayle,Bloor,12561,TU6506D,ExecutiveClass,Demorado
577,Sloane,Abbie,37144,TR3763R,ExecutiveClass,Demorado
578,Aubrette,Dewick,36244,JP6666O,FirstClass,En Horario
579,Renault,Po,32862,XJ9791Y,ExecutiveClass,En Horario
580,Gustave,Boulding,41427,XY1114B,ExecutiveClass,En Horario
581,Germayne,O'Fallone,48288,XK9009L,FirstClass,En Horario
582,Pasquale,Beams,31793,FY8115N,EconomyClass,Aterrizado
583,Happy,Ostridge,19175,YI0423P,FirstClass,En Horario
584,Britt,Allcock,32468,OY7731Y,EconomyClass,Demorado
585,Blair,Miguel,21126,TK3626E,EconomyClass,En Horario
586,Ethelin,Stirzaker,22276,AT3961N,ExecutiveClass,Demorado
587,Baldwin,Yeld,25932,FH3528G,FirstClass,En Vuelo
588,Malvina,Hawkes,29351,DS1486F,ExecutiveClass,Aterrizado
589,Fergus,Patel,25315,IO7227K,EconomyClass,Demorado
590,Zachary,Slayny,18835,EQ9604H,ExecutiveClass,Aterrizado
591,Kristi,Kubal,41006,QY3552F,FirstClass,En Vuelo
592,Emelda,Haliburn,22462,BI1577T,ExecutiveClass,En Vuelo
593,Darcie,Sainsbury-Brown,34617,KI9467O,FirstClass,Demorado
594,Rachele,Burchall,19544,CS5704P,ExecutiveClass,Aterrizado
595,Ollie,Jermey,25571,KK9939K,FirstClass,En Horario
596,Joice,Goering,28940,BG9015I,FirstClass,Aterrizado
597,Gail,Disley,26701,MM4423M,ExecutiveClass,Aterrizado
598,Katherina,Osgar,35325,YV2281B,ExecutiveClass,En Horario
599,Dev,Paff,24199,VN7001D,EconomyClass,En Vuelo
600,Jorry,Comberbeach,36405,LR0689Z,EconomyClass,Demorado
601,Worden,Gawler,21739,OY2370R,FirstClass,Aterrizado
602,Huey,Grzeskowski,13270,YQ8497B,EconomyClass,Aterrizado
603,Scarface,Heindl,15023,ZQ9326C,FirstClass,En Vuelo
604,Bryant,Aubri,23223,PL1403G,FirstClass,Aterrizado
605,Alena,Aveyard,46292,HT2659O,FirstClass,Aterrizado
606,Alika,Varnham,33372,RU0969G,EconomyClass,Demorado
607,Sindee,Bygott,11673,WU6340T,ExecutiveClass,Demorado
608,Edi,Chin,28052,YK6427D,ExecutiveClass,En Vuelo
609,Tadio,Binnie,49752,HT9995O,EconomyClass,En Horario
610,Anneliese,Pagden,45448,QB5308N,EconomyClass,Demorado
611,Howey,Fretter,22576,FP8587O,EconomyClass,Demorado
612,Loise,MacQuist,23322,BJ3849B,EconomyClass,Demorado
613,Ulrike,Whitham,19234,PW9140Y,FirstClass,Demorado
614,Kakalina,Dowtry,34034,UU6857J,FirstClass,En Horario
615,Rachael,O'Spellissey,49068,LX7346S,EconomyClass,Demorado
616,Livvyy,Ryman,24431,YW0444O,EconomyClass,En Vuelo
617,Bary,Ruddiman,22745,NT2956T,EconomyClass,Demorado
618,Krystle,Rahill,24216,FE6398J,FirstClass,En Vuelo
619,Nevil,McKain,43162,BM4984T,EconomyClass,En Vuelo
620,Tobe,Maven,25256,XT4254Q,ExecutiveClass,Aterrizado
621,Victor,Hudleston,13636,TZ4242F,ExecutiveClass,En Horario
622,Terrye,Lowrey,48046,MU9648O,EconomyClass,En Horario
623,Yurik,Castangia,38040,ZY0173B,EconomyClass,En Vuelo
624,Clarissa,Adamov,14978,MX3308Q,ExecutiveClass,Aterrizado
625,Carmelina,Christol,43192,FS8257N,ExecutiveClass,En Horario
626,Sigismondo,Barbisch,25917,MP8087O,ExecutiveClass,En Vuelo
627,Garwood,Jzhakov,48416,DB3470B,ExecutiveClass,En Vuelo
628,Ellene,Le Leu,44830,ZH7484F,FirstClass,En Horario
629,Keith,Doncom,38651,XY7635W,ExecutiveClass,En Vuelo
630,Abbye,Parke,44752,YM5347M,FirstClass,En Horario
631,Corny,Tibbetts,46061,VV6851P,FirstClass,En Vuelo
632,Talya,Blaze,23963,UI1263Y,EconomyClass,Aterrizado
633,Nolan,Antonomolii,11679,JO5245W,EconomyClass,En Horario
634,Obie,Deeny,24480,BC1394O,FirstClass,Demorado
635,Lind,Woollin,22022,QE8067N,ExecutiveClass,Aterrizado
636,Conroy,Christoffels,42871,SI5356I,FirstClass,Aterrizado
637,Jenny,Ferronet,48686,WA3271K,ExecutiveClass,Aterrizado
638,Bertha,Soro,14127,NM8424M,EconomyClass,Aterrizado
639,Zebedee,Perillo,13828,EX0014V,ExecutiveClass,Demorado
640,Janie,Gramer,17165,KZ9326O,ExecutiveClass,Demorado
641,Lilyan,Jorissen,14541,CL5466G,EconomyClass,Demorado
642,Lexis,Mawer,39012,PA1163Z,FirstClass,En Horario
643,Rakel,Copeman,41009,SJ8003N,EconomyClass,En Vuelo
644,Morly,Storrock,30923,QQ1335M,ExecutiveClass,En Horario
645,Rosco,Ratke,49092,CU1628M,ExecutiveClass,Demorado
646,Ermengarde,Bridgement,39510,TF1711C,FirstClass,En Vuelo
647,Wallis,MacGray,34716,RI7961I,ExecutiveClass,Aterrizado
648,Brandea,Hens,37092,RV8705V,FirstClass,Aterrizado
649,Nelie,Sola,18596,ZW1403E,FirstClass,En Vuelo
650,Gilbert,Sheards,23987,BK1482K,FirstClass,Demorado
651,Leighton,Clayworth,12130,HU4101J,ExecutiveClass,Aterrizado
652,Burnaby,Fossick,49072,JZ2214W,EconomyClass,Demorado
653,Dulsea,Conrard,11305,IU6042A,FirstClass,En Vuelo
654,Elsinore,Nuzzi,47433,QJ8025N,ExecutiveClass,En Horario
655,Isiahi,Elgee,14777,KV5770C,ExecutiveClass,Aterrizado
656,Stormie,Bernardt,37811,RU3805U,ExecutiveClass,En Horario
657,Fayth,Ordish,29776,HV0693D,ExecutiveClass,Aterrizado
658,Hope,Ortas,16828,BU9594R,EconomyClass,En Vuelo
659,Claire,O'Tierney,14689,DW6275R,FirstClass,En Horario
660,Merridie,Seeley,18218,NA2787J,FirstClass,Aterrizado
661,Cathyleen,Giocannoni,44078,PQ7437J,ExecutiveClass,Demorado
662,Jedidiah,Chittenden,15484,HI3097N,FirstClass,En Vuelo
663,Fabio,Clubley,47849,OQ5304J,ExecutiveClass,En Vuelo
664,Meggi,Ruppert,41604,WO5867B,ExecutiveClass,En Horario
665,Cam,Aldren,23657,KW0323V,FirstClass,En Horario
666,Nils,Skellorne,22823,VF3061Q,ExecutiveClass,En Horario
667,Cathrin,Tejada,20960,HO2819O,FirstClass,En Vuelo
668,Isa,Feaver,49839,RN2577C,ExecutiveClass,En Horario
669,Pollyanna,Diss,28389,ZJ8998X,EconomyClass,Aterrizado
670,Dev,Mence,42092,DA8917G,EconomyClass,Demorado
671,Livvy,Todd,35541,CZ7981P,ExecutiveClass,Demorado
672,Crysta,De Ruggiero,29118,TV7823H,FirstClass,En Horario
673,Frederich,Moen,48688,RB5201C,ExecutiveClass,Aterrizado
674,Hilarius,Lusher,14264,NT8376X,EconomyClass,En Horario
675,Gene,Byrth,12843,OJ0531X,EconomyClass,Demorado
676,Norbie,Ower,38337,JS4215N,EconomyClass,Demorado
677,Guy,Pereira,23511,HR8119Z,ExecutiveClass,En Horario
678,Jessey,Lukianovich,41688,YX4850D,ExecutiveClass,Demorado
679,Connie,Ivetts,40037,HF0828J,FirstClass,Aterrizado
680,Charleen,Yoell,17570,VX9358G,FirstClass,En Vuelo
681,Elvin,Bernhardi,21200,UX2317M,EconomyClass,Aterrizado
682,Gerome,Blakeway,27685,AH1223N,FirstClass,Demorado
683,Kalina,Wemyss,27694,AR3387Y,ExecutiveClass,En Horario
684,Daisy,Sarginson,33734,OP4132H,EconomyClass,Demorado
685,Bevan,Bittany,18556,ZO4283O,EconomyClass,En Vuelo
686,Steven,Prandy,49525,IT5203L,EconomyClass,Aterrizado
687,Adah,Philps,13844,ZJ7903N,EconomyClass,Demorado
688,Jdavie,Brosius,14347,KT6640B,EconomyClass,Aterrizado
689,Petra,Byart,39425,CK3219I,FirstClass,Aterrizado
690,Matthew,Seaward,34788,WP3746K,FirstClass,En Horario
691,Gibb,Prene,39001,UY2617R,EconomyClass,Demorado
692,Catina,Colcutt,31089,TH4706Q,FirstClass,En Vuelo
693,Nicolette,Elsbury,44053,VC5164V,EconomyClass,Aterrizado
694,Frederique,Akaster,47958,GL8207M,EconomyClass,En Horario
695,Vallie,Tolworthie,32247,NH4922G,ExecutiveClass,En Vuelo
696,Jenna,Astill,15979,OD6333E,ExecutiveClass,En Vuelo
697,Jarret,Wilkowski,11327,LW8178C,ExecutiveClass,Aterrizado
698,Kinnie,Andriulis,30948,DI7546I,FirstClass,Aterrizado
699,Layla,Cess,10645,CY8229O,FirstClass,Aterrizado
700,Mal,McCaw,28542,IE0359M,FirstClass,Aterrizado
701,Devin,Gorelli,25259,PP5253A,FirstClass,Aterrizado
702,Jacynth,Emsden,35505,WV5046D,FirstClass,En Vuelo
703,Joby,De La Cote,16074,ND1770S,FirstClass,En Vuelo
704,Doyle,Briars,34724,XJ0531N,ExecutiveClass,En Horario
705,Nicolis,Libbis,30474,HP1256K,FirstClass,En Horario
706,Linnie,Fluit,48154,NB6471I,ExecutiveClass,En Vuelo
707,Lenee,Alldre,26326,RY4868J,EconomyClass,Demorado
708,Sharona,Feronet,20796,HM1628U,EconomyClass,En Vuelo
709,Chevalier,Bilborough,30422,JG2318Y,FirstClass,Demorado
710,Randolph,Kenningley,25495,OR5085Q,ExecutiveClass,Aterrizado
711,Rik,Esson,36745,TA9591R,EconomyClass,En Horario
712,Kimberli,Phibb,44932,OD4457Y,EconomyClass,En Vuelo
713,Cassandre,Spira,42109,CZ4733V,FirstClass,En Vuelo
714,Arney,Rotchell,14983,EM9527N,EconomyClass,Aterrizado
715,Tallie,Slowcock,46814,ON3179Y,EconomyClass,En Vuelo
716,Jerrome,Gyurko,34333,MC5441K,ExecutiveClass,Aterrizado
717,Nichol,Ilyin,17526,KF5796V,EconomyClass,Demorado
718,Elita,Pidgen,20341,II7262G,EconomyClass,En Horario
719,Dorelle,Dowbakin,38386,ST2628K,FirstClass,En Vuelo
720,Sarene,Toombs,20837,CF5760O,EconomyClass,Demorado
721,Valentina,Torregiani,21544,PA0201R,ExecutiveClass,Aterrizado
722,Lilith,Tollmache,29002,MF3743L,EconomyClass,Demorado
723,Erl,Lydiard,40282,BH9400E,ExecutiveClass,Demorado
724,Nan,Kinnoch,25687,JE8527I,ExecutiveClass,En Horario
725,Udall,St. Quintin,20073,PF9757M,EconomyClass,En Horario
726,Knox,Crotch,12107,VH7655Y,EconomyClass,Demorado
727,Rikki,Wilcinskis,12492,WK1974M,ExecutiveClass,En Vuelo
728,Phelia,Skala,11088,IW3885B,FirstClass,En Vuelo
729,Agustin,Barnson,39459,HN3157T,FirstClass,En Horario
730,Midge,Jehan,24041,IZ9835Q,EconomyClass,Aterrizado
731,Ancell,Heibl,10254,UO9935M,FirstClass,En Vuelo
732,Dewitt,Hitchens,21351,PN2801Z,FirstClass,Demorado
733,Granger,Tatnell,12057,ME1518W,EconomyClass,Demorado
734,Elizabeth,Heineking,28834,NP2744B,EconomyClass,Demorado
735,Donelle,Grewar,32556,CR9866V,FirstClass,En Vuelo
736,Kristine,Braund,26673,OS5764X,FirstClass,Aterrizado
737,Torr,Gianetti,40696,US0826Z,EconomyClass,Aterrizado
738,Miguelita,Chretien,35443,TJ5677U,EconomyClass,En Vuelo
739,Mikaela,Parncutt,12358,CE6485C,ExecutiveClass,En Horario
740,Chet,Twitchings,40074,FS6406V,EconomyClass,Aterrizado
741,Israel,Horry,41649,JT6971P,FirstClass,En Horario
742,Fredrika,Von Welden,17996,HA4083Z,FirstClass,Aterrizado
743,Emilio,Meenan,28682,QP9373Z,FirstClass,Aterrizado
744,Whit,Dickie,29800,AS6252E,EconomyClass,Aterrizado
745,Ashleigh,Yockley,28995,GI2375N,FirstClass,En Horario
746,Ashly,Hodjetts,38501,AN9987F,FirstClass,En Vuelo
747,Evie,Kiltie,44420,JI8033K,FirstClass,Demorado
748,Kaila,Corkell,24843,LY0711P,FirstClass,En Vuelo
749,Debbie,Pococke,30243,LL6303J,EconomyClass,En Vuelo
750,Maurita,Pym,48177,BN0987T,FirstClass,En Horario
751,Whit,Seals,38465,ZP6758J,FirstClass,En Horario
752,Rockey,Barrie,28323,ZC7586P,ExecutiveClass,Demorado
753,Chance,Dubarry,17642,TK0077N,EconomyClass,Demorado
754,Killy,Plunket,25306,UU6038R,FirstClass,En Horario
755,Fransisco,Taffe,34174,BJ0286A,FirstClass,Demorado
756,Shawn,Akred,26173,LV7409C,FirstClass,En Horario
757,Obadias,Bartaloni,43778,IG1886X,ExecutiveClass,Aterrizado
758,Gunar,Walthew,11340,IW7223O,EconomyClass,Demorado
759,Asa,Strethill,36147,SA9504J,EconomyClass,En Vuelo
760,Tabby,Covet,33894,XB2928Q,EconomyClass,En Horario
761,Lydia,Janczak,14942,FV2909V,FirstClass,En Vuelo
762,Tull,Khilkov,33087,YM3917J,FirstClass,En Horario
763,Krispin,McCosh,33456,OL3787C,ExecutiveClass,En Horario
764,Danya,Bristowe,13051,DX3670N,FirstClass,Aterrizado
765,Bari,Goodbarr,26562,PL9740E,EconomyClass,Demorado
766,Bev,Ondrus,25430,QR1873Q,ExecutiveClass,En Horario
767,Verina,Tootal,23244,SM9623Q,ExecutiveClass,En Vuelo
768,Elena,Mauro,17896,CN9940H,EconomyClass,Demorado
769,Raychel,Hevner,42595,SU2743R,ExecutiveClass,En Horario
770,Hazel,Bernardet,24530,CP1237I,EconomyClass,Demorado
771,Gardener,Peerman,40779,NR5486K,FirstClass,En Horario
772,Maurene,Vanyashin,37281,WI9628A,ExecutiveClass,Demorado
773,Bili,MacArd,14790,BL5571U,ExecutiveClass,En Horario
774,Ailyn,Moretto,20285,QP8378G,FirstClass,Demorado
775,Vinny,Preene,37975,OW0193U,EconomyClass,En Vuelo
776,Clarabelle,Van Schafflaer,32302,DW8912Z,FirstClass,Demorado
777,Barron,Purchall,41330,PL2279S,FirstClass,En Horario
778,Teresina,Gonsalvo,33765,QM1557B,ExecutiveClass,Aterrizado
779,Ewen,Galtone,48780,QY6547M,FirstClass,Aterrizado
780,Selene,Readshaw,37979,ZO5690J,FirstClass,Demorado
781,Thatch,Jerams,20271,ED9532Z,ExecutiveClass,En Horario
782,Carlie,Ginsie,33821,YC9495I,ExecutiveClass,Aterrizado
783,Homere,Slinn,20241,YQ9997L,ExecutiveClass,En Horario
784,Dolph,Dayce,40085,AM0736E,EconomyClass,Aterrizado
785,Shannen,Douthwaite,15024,QM2407U,ExecutiveClass,Demorado
786,Jacquie,Gourlay,26460,HA4734R,FirstClass,Aterrizado
787,Marina,O' Hogan,48540,IT8744A,ExecutiveClass,Aterrizado
788,Oliy,Berrigan,14138,VA6570L,EconomyClass,Demorado
789,Pavel,Turpin,15529,QR7889Z,EconomyClass,Aterrizado
790,Duff,Levi,12196,BX0743O,EconomyClass,En Vuelo
791,Tracee,Ormiston,44052,EC7920K,EconomyClass,Aterrizado
792,Lyman,Tassaker,36467,KT2679U,ExecutiveClass,En Horario
793,Teresita,MacAdie,30179,YB7428C,EconomyClass,Aterrizado
794,Cly,Tineman,41655,VT8841X,FirstClass,Aterrizado
795,Miriam,Avieson,11831,HE7951X,EconomyClass,Aterrizado
796,Euell,Reddlesden,43787,PT9041D,EconomyClass,En Horario
797,Chaddie,Checchetelli,45914,OP5380Z,FirstClass,En Horario
798,Garnet,Maidment,34634,AF1462Z,EconomyClass,En Horario
799,Loren,Tiptaft,44060,VI0201I,EconomyClass,Demorado
800,Jo-anne,Glasard,24111,KC7678I,EconomyClass,En Horario
801,Chandler,Southey,46818,DE7263Q,ExecutiveClass,En Vuelo
802,Zora,Rallings,43136,OX2562K,ExecutiveClass,En Horario
803,Cordula,McNeigh,45218,DY2264L,FirstClass,En Horario
804,Prentice,Lafayette,16374,WS5252S,ExecutiveClass,Demorado
805,Madlin,Warbeys,41083,HI6332I,FirstClass,En Vuelo
806,Lanae,McCome,32990,FH0206F,EconomyClass,Demorado
807,Billie,Crompton,18130,DQ7481Y,FirstClass,En Horario
808,Kennie,Bacon,11790,UD5617S,EconomyClass,En Vuelo
809,Isidore,Bridson,11047,XZ4511E,EconomyClass,En Vuelo
810,Candy,Escala,33191,FY8688R,ExecutiveClass,En Vuelo
811,Karlene,Kirkpatrick,47799,ZD8873U,EconomyClass,En Horario
812,Bonnibelle,Bunson,34168,BO3479F,ExecutiveClass,En Vuelo
813,Ailey,Kristufek,37008,FB2919L,FirstClass,En Horario
814,Vinson,McClinton,32928,SF4330W,FirstClass,Aterrizado
815,Brett,Loseke,38516,PC2263Q,ExecutiveClass,Demorado
816,Tiertza,Oehm,29714,SK6879E,EconomyClass,Aterrizado
817,Rudolf,Bermingham,36584,IG2977P,ExecutiveClass,En Horario
818,Dermot,O'Bradane,45359,KB8405D,EconomyClass,Demorado
819,Kaycee,Tallant,15457,JF9097T,EconomyClass,Demorado
820,Miltie,St. John,47435,HD3221V,FirstClass,Demorado
821,Belinda,Giraux,19876,QD9061D,ExecutiveClass,Demorado
822,Karalynn,Carrier,28561,OI7215T,EconomyClass,En Vuelo
823,Eada,Blackmuir,18867,XS6506M,FirstClass,En Horario
824,Gavrielle,Clymer,20538,AU5771X,EconomyClass,En Vuelo
825,Bartram,McFadin,21886,PG8705D,EconomyClass,Demorado
826,Evangeline,Cooksley,11597,GZ0658B,EconomyClass,En Vuelo
827,Ruthie,Larcombe,28607,ZJ5413T,FirstClass,En Vuelo
828,Collete,Bermingham,42696,GL0245T,EconomyClass,Demorado
829,Merell,Crippell,24028,CY1466B,ExecutiveClass,En Vuelo
830,Selia,Grinstead,35127,OQ4564V,FirstClass,En Horario
831,Taddeusz,Abele,27979,JI4340I,ExecutiveClass,En Vuelo
832,Caryl,Hucklesby,15300,AH5667B,FirstClass,En Vuelo
833,Marguerite,Erskine Sandys,36423,TY7971C,FirstClass,En Horario
834,Gerty,Hunton,14349,YH7463A,ExecutiveClass,En Vuelo
835,Oliviero,Smee,43575,HI4107Z,FirstClass,En Horario
836,Zorina,O'Cleary,10098,OV9084V,FirstClass,En Horario
837,Arri,Ormerod,47447,CH5543C,EconomyClass,Demorado
838,Tommie,Wotherspoon,27443,UL9323U,EconomyClass,Demorado
839,Marilee,Beamand,27328,EZ6263V,EconomyClass,Demorado
840,Eda,Glasgow,13761,XA3744D,EconomyClass,En Horario
841,Linet,Blowing,21298,RD7107L,EconomyClass,En Vuelo
842,Goran,Leemans,18839,IZ3166U,FirstClass,En Vuelo
843,Jdavie,Verbrugge,47754,QB6711X,ExecutiveClass,En Vuelo
844,Cinderella,Goodisson,45019,ZR9722Y,FirstClass,Demorado
845,Lillian,Maydway,38324,PV3840O,FirstClass,Aterrizado
846,Marla,Crannage,45022,OC3284I,ExecutiveClass,Aterrizado
847,Evita,Pershouse,14824,NQ4385A,EconomyClass,Aterrizado
848,Nolan,Biddlestone,24045,EK1945T,FirstClass,Aterrizado
849,Gaston,Hazelden,15860,KJ8056L,FirstClass,Demorado
850,Fran,Mayell,20500,YP5468X,ExecutiveClass,En Vuelo
851,Jerrie,Ludlem,36895,FG5994V,FirstClass,Demorado
852,Babbie,Bau,26614,YD0713L,FirstClass,En Vuelo
853,Van,Siegertsz,18142,JW2256I,ExecutiveClass,En Horario
854,Valentina,Harsant,12511,PE1638Q,ExecutiveClass,Aterrizado
855,Henri,Flatt,40395,MJ9663V,ExecutiveClass,Demorado
856,Ashby,Hurle,32911,XG3721L,ExecutiveClass,En Horario
857,Katerine,Peddersen,13556,GL5052Y,FirstClass,En Horario
858,Paule,French,13043,IO4392Q,EconomyClass,Aterrizado
859,Betta,Manuel,48976,SA0051B,FirstClass,En Vuelo
860,Clerissa,Bench,49586,JQ4059X,ExecutiveClass,Demorado
861,Ivor,Kermath,37060,DQ8934N,FirstClass,Aterrizado
862,Karalee,Kruger,34873,VK1307W,EconomyClass,En Vuelo
863,Miof mela,Bridywater,47621,FQ9871W,ExecutiveClass,En Vuelo
864,Even,Gratrex,26430,UO5159Z,ExecutiveClass,En Vuelo
865,Greggory,Okker,31706,OB2494G,ExecutiveClass,Aterrizado
866,Jessamine,Dartnell,38708,CV1711R,ExecutiveClass,Demorado
867,Pedro,Kindleside,30008,UE3490G,EconomyClass,Aterrizado
868,Sylvia,Duffell,36399,BG5262E,EconomyClass,En Vuelo
869,Willie,Dallicott,43132,MM5935F,FirstClass,En Horario
870,Gennifer,Bugge,48151,OD3663D,EconomyClass,Demorado
871,Donetta,Frampton,12585,FX1677V,EconomyClass,En Vuelo
872,Hodge,Vivian,38171,QY9742B,ExecutiveClass,Demorado
873,Ervin,Gulliver,45224,IA7811T,FirstClass,En Horario
874,Savina,Parlett,36617,AW3931E,FirstClass,En Vuelo
875,Gerrie,Eade,17725,FI6873M,FirstClass,Aterrizado
876,Shelby,Liptrod,15657,ZX2873X,EconomyClass,En Horario
877,Roldan,Aymeric,31107,DB7469A,EconomyClass,Aterrizado
878,Robert,Vautier,47296,HX6625T,EconomyClass,Aterrizado
879,Mikael,Cheer,35492,GU3195M,EconomyClass,En Horario
880,Kingsly,Buntain,44027,DV2962S,EconomyClass,Demorado
881,Carmelia,Merrgen,36457,QN5853B,EconomyClass,Demorado
882,Terry,Hestrop,11767,QW5945Z,ExecutiveClass,En Horario
883,Anthony,Fellon,22570,DL0259T,FirstClass,En Horario
884,Melva,Carlesso,16150,HP8955P,EconomyClass,Aterrizado
885,Waring,Presdie,39446,BC6686A,ExecutiveClass,En Vuelo
886,Andrej,Balden,35676,LX1996V,EconomyClass,En Vuelo
887,Livvie,Pleat,45995,EG0829I,FirstClass,Demorado
888,Grantley,Crunden,14205,NC5577O,ExecutiveClass,En Vuelo
889,Mose,Lorman,31801,PI0856A,FirstClass,Aterrizado
890,Averyl,McKerton,28091,VH4530N,EconomyClass,En Horario
891,Dawn,Yegorev,20542,ZH5526K,FirstClass,Aterrizado
892,Minetta,O'Cooney,20133,CA1018B,ExecutiveClass,Aterrizado
893,Alon,Berthomier,43758,SF8370F,ExecutiveClass,Aterrizado
894,Avie,De Wolfe,16593,NT2515M,FirstClass,Aterrizado
895,Talia,Blaze,48306,YG8983C,EconomyClass,En Vuelo
896,Rodrigo,Hickford,46511,AX2181S,FirstClass,En Vuelo
897,Merle,Fennick,44673,DO8184C,EconomyClass,Aterrizado
898,Tyson,Kember,33869,UW9086Z,EconomyClass,En Vuelo
899,Maje,Branni,39732,KN7926V,EconomyClass,Aterrizado
900,Carlynne,Merrill,41080,ZE7618O,ExecutiveClass,Aterrizado
901,Cynde,Hammelberg,40769,EI8766U,ExecutiveClass,En Horario
902,Nikolas,Freake,27092,KW7826M,ExecutiveClass,Aterrizado
903,Noelle,Ledgeway,44353,TP2284Y,ExecutiveClass,Aterrizado
904,Harlene,Santora,15535,EU4241H,ExecutiveClass,Aterrizado
905,Irene,Bound,29766,NF0887I,FirstClass,En Vuelo
906,Talbert,Franschini,36064,CH0861H,FirstClass,En Horario
907,Langston,McDonald,42743,VX6725P,EconomyClass,En Horario
908,Regine,Neild,36647,CI6920Z,FirstClass,Demorado
909,Darelle,Trahar,20970,RH2801V,EconomyClass,En Vuelo
910,Arlina,Van Giffen,38402,ES6250G,FirstClass,En Vuelo
911,Eddy,Wark,20670,UX6913D,ExecutiveClass,Aterrizado
912,Sky,Rickersy,25160,EG2335D,FirstClass,Aterrizado
913,Natalie,Canon,18570,RH8477C,ExecutiveClass,En Vuelo
914,Evangeline,Martina,40625,IZ6658R,EconomyClass,Aterrizado
915,Perice,Halksworth,16630,AQ5132L,FirstClass,Aterrizado
916,Marylinda,Crosen,23492,PQ4928K,EconomyClass,Demorado
917,Onfre,Arpin,13993,ZG7159G,FirstClass,En Vuelo
918,Joby,Van Oord,21219,MV9772V,EconomyClass,Aterrizado
919,Roger,Toolan,22317,TV5137E,ExecutiveClass,En Vuelo
920,Bradan,Elph,33357,JN7064P,EconomyClass,En Vuelo
921,Paco,Abram,32361,IS4385H,EconomyClass,En Vuelo
922,Keven,Veale,16117,WM8719P,FirstClass,Demorado
923,Lib,Kondratowicz,19127,DY2042P,ExecutiveClass,En Horario
924,Joceline,McCreery,17422,TZ3106B,ExecutiveClass,Aterrizado
925,Roana,Frushard,31713,UD3821F,EconomyClass,Aterrizado
926,Taber,Bridson,21285,EZ4155I,EconomyClass,Demorado
927,Chicky,Spofford,22966,WW6735X,ExecutiveClass,En Horario
928,Eugenia,Grendon,11094,AP4902A,EconomyClass,Aterrizado
929,Kamilah,Coye,27204,JI6377J,FirstClass,Demorado
930,Katinka,Nottram,10590,RS0347W,EconomyClass,Aterrizado
931,Reeva,Verni,20734,YM0896O,FirstClass,En Horario
932,Yasmin,Dicke,18478,FB5107P,ExecutiveClass,En Horario
933,Andras,Shenley,26076,ZV1282C,ExecutiveClass,En Vuelo
934,Don,Bruckental,13406,SH7927D,ExecutiveClass,En Horario
935,Agata,Reyner,16536,RB8515P,ExecutiveClass,En Horario
936,Gran,Wintle,42166,TT2353Z,EconomyClass,Demorado
937,Darrel,Son,48382,SL0983Y,EconomyClass,Demorado
938,Heall,Joontjes,41389,PQ2252N,EconomyClass,En Vuelo
939,Rance,Seamons,15953,YH0306V,FirstClass,Aterrizado
940,Reyna,Godfree,47381,VV5351J,FirstClass,Aterrizado
941,Carmel,Galway,36446,HL0669O,ExecutiveClass,En Vuelo
942,Nola,Gorsse,43021,XR7359M,EconomyClass,En Horario
943,Heddie,Giveen,39280,GI4774K,EconomyClass,Demorado
944,Claiborne,Bassilashvili,29199,QM7341E,FirstClass,En Vuelo
945,Jeniffer,Allanby,36326,BA5597X,FirstClass,Demorado
946,Hedwiga,Gibke,44407,FI5384M,ExecutiveClass,En Vuelo
947,Jeffy,Stannus,40204,BM3962Q,EconomyClass,En Vuelo
948,Brandea,Suttell,42412,PP9547I,EconomyClass,En Horario
949,Gerik,Bracchi,12006,IK5994Z,ExecutiveClass,Demorado
950,Tricia,Pearde,17624,IV8081G,EconomyClass,En Vuelo
951,Vallie,Jeske,26130,LG5762Q,FirstClass,En Horario
952,Sheilakathryn,Aviss,24471,ON3761A,FirstClass,En Horario
953,Kendal,Pidler,34561,GS8187X,ExecutiveClass,Aterrizado
954,Iago,Tonbye,33253,UG0069Y,FirstClass,En Vuelo
955,Lydia,Wallsam,13562,UW5927Y,ExecutiveClass,Aterrizado
956,Morie,Faithorn,10319,SM2343N,ExecutiveClass,En Vuelo
957,John,Tatlow,25014,LH1355T,EconomyClass,En Vuelo
958,Genni,Hallam,22331,UK8965V,ExecutiveClass,Demorado
959,Emmott,Piwell,19431,SX4647P,FirstClass,En Horario
960,Mehetabel,Stairmand,44058,CJ7866W,ExecutiveClass,En Horario
961,Dyna,Geeritz,10448,AA9638G,EconomyClass,En Horario
962,Millie,Troughton,34731,AD0236C,ExecutiveClass,Demorado
963,Lorelle,Grute,38162,SR5646F,ExecutiveClass,En Vuelo
964,Desdemona,Du Hamel,36768,QV2367N,ExecutiveClass,Demorado
965,Reagen,Jessop,11646,NI8930U,ExecutiveClass,En Vuelo
966,Waldemar,Stivani,10446,NW8441N,EconomyClass,Aterrizado
967,Winn,Gulston,30964,WF8776V,FirstClass,En Vuelo
968,Zea,Tobias,22096,AB8175Q,FirstClass,Aterrizado
969,Alika,Skevington,35867,HU1190R,FirstClass,En Horario
970,Herman,Rostron,16969,QU8738W,ExecutiveClass,En Vuelo
971,Inessa,Bediss,22875,CI4668F,ExecutiveClass,Aterrizado
972,Dolph,Pummery,28205,JX0198Y,FirstClass,En Horario
973,Donnajean,Lawless,42538,UE7488M,ExecutiveClass,En Vuelo
974,Selby,Stolz,35715,VZ6382U,EconomyClass,En Horario
975,Isa,De Bruyne,29225,XB1060F,EconomyClass,En Horario
976,Koren,Luton,35676,QG4233L,ExecutiveClass,En Horario
977,Jocko,Bischoff,48677,WZ5999P,EconomyClass,Demorado
978,Olav,Pesselt,22610,XU7221C,FirstClass,Aterrizado
979,Ginnie,Mulvagh,18184,UI2528B,FirstClass,Demorado
980,Gunilla,Toyne,28921,GR5066R,ExecutiveClass,En Horario
981,Eduino,Coldman,26880,WZ6653N,EconomyClass,En Horario
982,Wilfred,O'Kynsillaghe,17902,RY5871Y,ExecutiveClass,En Vuelo
983,Merci,Rollett,44352,UX1671B,FirstClass,Demorado
984,Annora,Giraldon,23412,EN6594H,EconomyClass,Aterrizado
985,Zollie,Aldins,18650,CU2749G,FirstClass,En Vuelo
986,Ara,Kirton,43928,DD2904D,ExecutiveClass,Aterrizado
987,Saree,Feragh,37762,XD9351U,ExecutiveClass,En Horario
988,Clair,Manon,13811,ZE4286M,FirstClass,En Vuelo
989,Antonina,Abramof,16437,GT6247D,EconomyClass,Demorado
990,Guillema,Wroughton,10355,SX0566E,EconomyClass,En Vuelo
991,Edik,Edgars,31408,XH7745I,EconomyClass,En Horario
992,Sosanna,Beardwood,13159,TX2803R,FirstClass,Demorado
993,Rachael,Ugolotti,11348,PU3739V,EconomyClass,Demorado
994,Hillyer,Portsmouth,38357,IH4420O,ExecutiveClass,Demorado
995,Flss,Coverdill,41558,PQ4585A,ExecutiveClass,Demorado
996,Vernen,Renbold,16124,II5020S,ExecutiveClass,En Horario
997,Daryl,Hartigan,34670,LX9377S,ExecutiveClass,En Vuelo
998,Morna,Malthus,37305,PO2820A,FirstClass,En Horario
999,Cristionna,Bidmead,21355,OJ3740V,FirstClass,Demorado
1000,Dewain,Iddenden,16376,TC3168A,ExecutiveClass,En Horario
